'True Positives','False Negatives','False Positives','True Negatives','False Positive Rate','True Positive Rate',Precision,Recall,Fallout,FMeasure,'Sample Size',Lift,Threshold
63,0,684,0,1,1,0.084337,1,0.915663,0.155556,1,1,0
63,0,683,1,0.998538,1,0.08445,1,0.91555,0.155748,0.998661,1.00134,0
63,0,682,2,0.997076,1,0.084564,1,0.915436,0.155941,0.997323,1.002685,0
63,0,681,3,0.995614,1,0.084677,1,0.915323,0.156134,0.995984,1.004032,0
63,0,680,4,0.994152,1,0.084791,1,0.915209,0.156328,0.994645,1.005384,0
63,0,679,5,0.99269,1,0.084906,1,0.915094,0.156522,0.993307,1.006739,0
63,0,678,6,0.991228,1,0.08502,1,0.91498,0.156716,0.991968,1.008097,0
63,0,677,7,0.989766,1,0.085135,1,0.914865,0.156912,0.990629,1.009459,0
63,0,676,8,0.988304,1,0.08525,1,0.91475,0.157107,0.98929,1.010825,0
63,0,675,9,0.986842,1,0.085366,1,0.914634,0.157303,0.987952,1.012195,0
63,0,674,10,0.98538,1,0.085482,1,0.914518,0.1575,0.986613,1.013569,0
63,0,673,11,0.983918,1,0.085598,1,0.914402,0.157697,0.985274,1.014946,0
63,0,672,12,0.982456,1,0.085714,1,0.914286,0.157895,0.983936,1.016327,0
63,0,671,13,0.980994,1,0.085831,1,0.914169,0.158093,0.982597,1.017711,0
63,0,670,14,0.979532,1,0.085948,1,0.914052,0.158291,0.981258,1.0191,0
63,0,669,15,0.97807,1,0.086066,1,0.913934,0.158491,0.97992,1.020492,0
63,0,668,16,0.976608,1,0.086183,1,0.913817,0.15869,0.978581,1.021888,0
63,0,667,17,0.975146,1,0.086301,1,0.913699,0.15889,0.977242,1.023288,0
63,0,666,18,0.973684,1,0.08642,1,0.91358,0.159091,0.975904,1.024691,0
63,0,665,19,0.972222,1,0.086538,1,0.913462,0.159292,0.974565,1.026099,0
63,0,664,20,0.97076,1,0.086657,1,0.913343,0.159494,0.973226,1.02751,0
63,0,663,21,0.969298,1,0.086777,1,0.913223,0.159696,0.971888,1.028926,0
63,0,662,22,0.967836,1,0.086897,1,0.913103,0.159898,0.970549,1.030345,0
63,0,661,23,0.966374,1,0.087017,1,0.912983,0.160102,0.96921,1.031768,0
63,0,660,24,0.964912,1,0.087137,1,0.912863,0.160305,0.967871,1.033195,0
62,1,660,24,0.964912,0.984127,0.085873,0.984127,0.914127,0.157962,0.966533,1.018203,0
62,1,659,25,0.96345,0.984127,0.085992,0.984127,0.914008,0.158163,0.965194,1.019616,0
62,1,658,26,0.961988,0.984127,0.086111,0.984127,0.913889,0.158365,0.963855,1.021032,0
62,1,657,27,0.960526,0.984127,0.086231,0.984127,0.913769,0.158568,0.962517,1.022452,0
62,1,656,28,0.959064,0.984127,0.086351,0.984127,0.913649,0.158771,0.961178,1.023876,0
62,1,655,29,0.957602,0.984127,0.086471,0.984127,0.913529,0.158974,0.959839,1.025304,0
62,1,654,30,0.95614,0.984127,0.086592,0.984127,0.913408,0.159178,0.958501,1.026736,0
62,1,653,31,0.954678,0.984127,0.086713,0.984127,0.913287,0.159383,0.957162,1.028172,0
62,1,652,32,0.953216,0.984127,0.086835,0.984127,0.913165,0.159588,0.955823,1.029612,0
62,1,651,33,0.951754,0.984127,0.086957,0.984127,0.913043,0.159794,0.954485,1.031056,0
61,2,651,33,0.951754,0.968254,0.085674,0.968254,0.914326,0.157419,0.953146,1.015851,0
61,2,650,34,0.950292,0.968254,0.085795,0.968254,0.914205,0.157623,0.951807,1.017279,0
61,2,649,35,0.94883,0.968254,0.085915,0.968254,0.914085,0.157827,0.950469,1.018712,0
61,2,648,36,0.947368,0.968254,0.086037,0.968254,0.913963,0.158031,0.94913,1.020149,0
61,2,647,37,0.945906,0.968254,0.086158,0.968254,0.913842,0.158236,0.947791,1.02159,0
61,2,646,38,0.944444,0.968254,0.08628,0.968254,0.91372,0.158442,0.946452,1.023035,0
61,2,645,39,0.942982,0.968254,0.086402,0.968254,0.913598,0.158648,0.945114,1.024484,0
61,2,644,40,0.94152,0.968254,0.086525,0.968254,0.913475,0.158854,0.943775,1.025937,0
61,2,643,41,0.940058,0.968254,0.086648,0.968254,0.913352,0.159061,0.942436,1.027394,0
61,2,642,42,0.938596,0.968254,0.086771,0.968254,0.913229,0.159269,0.941098,1.028856,0
61,2,641,43,0.937135,0.968254,0.086895,0.968254,0.913105,0.159477,0.939759,1.030322,0
61,2,640,44,0.935673,0.968254,0.087019,0.968254,0.912981,0.159686,0.93842,1.031791,0
61,2,639,45,0.934211,0.968254,0.087143,0.968254,0.912857,0.159895,0.937082,1.033265,0
61,2,638,46,0.932749,0.968254,0.087268,0.968254,0.912732,0.160105,0.935743,1.034744,0
61,2,637,47,0.931287,0.968254,0.087393,0.968254,0.912607,0.160315,0.934404,1.036226,0
61,2,636,48,0.929825,0.968254,0.087518,0.968254,0.912482,0.160526,0.933066,1.037713,0
61,2,635,49,0.928363,0.968254,0.087644,0.968254,0.912356,0.160738,0.931727,1.039204,0
61,2,634,50,0.926901,0.968254,0.08777,0.968254,0.91223,0.16095,0.930388,1.040699,0
61,2,633,51,0.925439,0.968254,0.087896,0.968254,0.912104,0.161162,0.92905,1.042198,0
61,2,632,52,0.923977,0.968254,0.088023,0.968254,0.911977,0.161376,0.927711,1.043702,0
61,2,631,53,0.922515,0.968254,0.08815,0.968254,0.91185,0.161589,0.926372,1.045211,0
61,2,630,54,0.921053,0.968254,0.088278,0.968254,0.911722,0.161804,0.925033,1.046723,0
61,2,629,55,0.919591,0.968254,0.088406,0.968254,0.911594,0.162019,0.923695,1.04824,0
60,3,629,55,0.919591,0.952381,0.087083,0.952381,0.912917,0.159574,0.922356,1.032552,0
60,3,628,56,0.918129,0.952381,0.087209,0.952381,0.912791,0.159787,0.921017,1.034053,0
60,3,627,57,0.916667,0.952381,0.087336,0.952381,0.912664,0.16,0.919679,1.035558,0
60,3,626,58,0.915205,0.952381,0.087464,0.952381,0.912536,0.160214,0.91834,1.037068,0
60,3,625,59,0.913743,0.952381,0.087591,0.952381,0.912409,0.160428,0.917001,1.038582,0
60,3,624,60,0.912281,0.952381,0.087719,0.952381,0.912281,0.160643,0.915663,1.0401,0
60,3,623,61,0.910819,0.952381,0.087848,0.952381,0.912152,0.160858,0.914324,1.041623,0
60,3,622,62,0.909357,0.952381,0.087977,0.952381,0.912023,0.161074,0.912985,1.04315,0
60,3,621,63,0.907895,0.952381,0.088106,0.952381,0.911894,0.16129,0.911647,1.044682,0
60,3,620,64,0.906433,0.952381,0.088235,0.952381,0.911765,0.161507,0.910308,1.046218,0
60,3,619,65,0.904971,0.952381,0.088365,0.952381,0.911635,0.161725,0.908969,1.047759,0
60,3,618,66,0.903509,0.952381,0.088496,0.952381,0.911504,0.161943,0.907631,1.049305,0
60,3,617,67,0.902047,0.952381,0.088626,0.952381,0.911374,0.162162,0.906292,1.050855,0
59,4,617,67,0.902047,0.936508,0.087278,0.936508,0.912722,0.159675,0.904953,1.034869,0
59,4,616,68,0.900585,0.936508,0.087407,0.936508,0.912593,0.159892,0.903614,1.036402,0
59,4,615,69,0.899123,0.936508,0.087537,0.936508,0.912463,0.160109,0.902276,1.03794,0
58,5,615,69,0.899123,0.920635,0.086181,0.920635,0.913819,0.157609,0.900937,1.021864,0
57,6,615,69,0.899123,0.904762,0.084821,0.904762,0.915179,0.155102,0.899598,1.00574,0
56,7,615,69,0.899123,0.888889,0.083458,0.888889,0.916542,0.152589,0.89826,0.989568,0
56,7,614,70,0.897661,0.888889,0.083582,0.888889,0.916418,0.152797,0.896921,0.991045,0
56,7,613,71,0.896199,0.888889,0.083707,0.888889,0.916293,0.153005,0.895582,0.992526,0
56,7,612,72,0.894737,0.888889,0.083832,0.888889,0.916168,0.153215,0.894244,0.994012,0
56,7,611,73,0.893275,0.888889,0.083958,0.888889,0.916042,0.153425,0.892905,0.995502,0
56,7,610,74,0.891813,0.888889,0.084084,0.888889,0.915916,0.153635,0.891566,0.996997,0
55,8,610,74,0.891813,0.873016,0.082707,0.873016,0.917293,0.151099,0.890228,0.980666,0
55,8,609,75,0.890351,0.873016,0.082831,0.873016,0.917169,0.151307,0.888889,0.982143,0
55,8,608,76,0.888889,0.873016,0.082956,0.873016,0.917044,0.151515,0.88755,0.983624,0
55,8,607,77,0.887427,0.873016,0.083082,0.873016,0.916918,0.151724,0.886212,0.98511,0
55,8,606,78,0.885965,0.873016,0.083207,0.873016,0.916793,0.151934,0.884873,0.9866,0
55,8,605,79,0.884503,0.873016,0.083333,0.873016,0.916667,0.152144,0.883534,0.988095,0
55,8,604,80,0.883041,0.873016,0.08346,0.873016,0.91654,0.152355,0.882195,0.989595,0
54,9,604,80,0.883041,0.857143,0.082067,0.857143,0.917933,0.149792,0.880857,0.973079,0
54,9,603,81,0.881579,0.857143,0.082192,0.857143,0.917808,0.15,0.879518,0.97456,0
54,9,602,82,0.880117,0.857143,0.082317,0.857143,0.917683,0.150209,0.878179,0.976045,0
54,9,601,83,0.878655,0.857143,0.082443,0.857143,0.917557,0.150418,0.876841,0.977535,0
53,10,601,83,0.878655,0.84127,0.08104,0.84127,0.91896,0.147838,0.875502,0.9609,0
53,10,600,84,0.877193,0.84127,0.081164,0.84127,0.918836,0.148045,0.874163,0.962371,0
53,10,599,85,0.875731,0.84127,0.081288,0.84127,0.918712,0.148252,0.872825,0.963848,0
53,10,598,86,0.874269,0.84127,0.081413,0.84127,0.918587,0.148459,0.871486,0.965328,0
53,10,597,87,0.872807,0.84127,0.081538,0.84127,0.918462,0.148668,0.870147,0.966813,0
53,10,596,88,0.871345,0.84127,0.081664,0.84127,0.918336,0.148876,0.868809,0.968303,0
53,10,595,89,0.869883,0.84127,0.08179,0.84127,0.91821,0.149086,0.86747,0.969797,0
53,10,594,90,0.868421,0.84127,0.081917,0.84127,0.918083,0.149296,0.866131,0.971296,0
52,11,594,90,0.868421,0.825397,0.080495,0.825397,0.919505,0.146685,0.864793,0.954445,0
51,12,594,90,0.868421,0.809524,0.07907,0.809524,0.92093,0.144068,0.863454,0.937542,0
51,12,593,91,0.866959,0.809524,0.079193,0.809524,0.920807,0.144272,0.862115,0.938997,0
51,12,592,92,0.865497,0.809524,0.079316,0.809524,0.920684,0.144476,0.860776,0.940458,0
50,13,592,92,0.865497,0.793651,0.077882,0.793651,0.922118,0.141844,0.859438,0.923453,0
50,13,591,93,0.864035,0.793651,0.078003,0.793651,0.921997,0.142045,0.858099,0.924894,0
50,13,590,94,0.862573,0.793651,0.078125,0.793651,0.921875,0.142248,0.85676,0.926339,0
50,13,589,95,0.861111,0.793651,0.078247,0.793651,0.921753,0.14245,0.855422,0.927789,0
50,13,588,96,0.859649,0.793651,0.07837,0.793651,0.92163,0.142653,0.854083,0.929243,0
50,13,587,97,0.858187,0.793651,0.078493,0.793651,0.921507,0.142857,0.852744,0.930702,0
50,13,586,98,0.856725,0.793651,0.078616,0.793651,0.921384,0.143062,0.851406,0.932165,0
50,13,585,99,0.855263,0.793651,0.07874,0.793651,0.92126,0.143266,0.850067,0.933633,0
50,13,584,100,0.853801,0.793651,0.078864,0.793651,0.921136,0.143472,0.848728,0.935106,0
50,13,583,101,0.852339,0.793651,0.078989,0.793651,0.921011,0.143678,0.84739,0.936583,0
50,13,582,102,0.850877,0.793651,0.079114,0.793651,0.920886,0.143885,0.846051,0.938065,0
50,13,581,103,0.849415,0.793651,0.079239,0.793651,0.920761,0.144092,0.844712,0.939552,0
50,13,580,104,0.847953,0.793651,0.079365,0.793651,0.920635,0.1443,0.843373,0.941043,0
50,13,579,105,0.846491,0.793651,0.079491,0.793651,0.920509,0.144509,0.842035,0.942539,0
50,13,578,106,0.845029,0.793651,0.079618,0.793651,0.920382,0.144718,0.840696,0.94404,0
50,13,577,107,0.843567,0.793651,0.079745,0.793651,0.920255,0.144928,0.839357,0.945546,0
50,13,576,108,0.842105,0.793651,0.079872,0.793651,0.920128,0.145138,0.838019,0.947056,0
50,13,575,109,0.840643,0.793651,0.08,0.793651,0.92,0.145349,0.83668,0.948571,0
50,13,574,110,0.839181,0.793651,0.080128,0.793651,0.919872,0.14556,0.835341,0.950092,0
50,13,573,111,0.837719,0.793651,0.080257,0.793651,0.919743,0.145773,0.834003,0.951617,0
50,13,572,112,0.836257,0.793651,0.080386,0.793651,0.919614,0.145985,0.832664,0.953147,0
50,13,571,113,0.834795,0.793651,0.080515,0.793651,0.919485,0.146199,0.831325,0.954681,0
50,13,570,114,0.833333,0.793651,0.080645,0.793651,0.919355,0.146413,0.829987,0.956221,0
50,13,569,115,0.831871,0.793651,0.080775,0.793651,0.919225,0.146628,0.828648,0.957766,0
50,13,568,116,0.830409,0.793651,0.080906,0.793651,0.919094,0.146843,0.827309,0.959316,0
50,13,567,117,0.828947,0.793651,0.081037,0.793651,0.918963,0.147059,0.825971,0.960871,0
50,13,566,118,0.827485,0.793651,0.081169,0.793651,0.918831,0.147275,0.824632,0.96243,0
50,13,565,119,0.826023,0.793651,0.081301,0.793651,0.918699,0.147493,0.823293,0.963995,0
50,13,564,120,0.824561,0.793651,0.081433,0.793651,0.918567,0.14771,0.821954,0.965565,0
50,13,563,121,0.823099,0.793651,0.081566,0.793651,0.918434,0.147929,0.820616,0.967141,0
50,13,562,122,0.821637,0.793651,0.081699,0.793651,0.918301,0.148148,0.819277,0.968721,0
50,13,561,123,0.820175,0.793651,0.081833,0.793651,0.918167,0.148368,0.817938,0.970306,0
50,13,560,124,0.818713,0.793651,0.081967,0.793651,0.918033,0.148588,0.8166,0.971897,0
50,13,559,125,0.817251,0.793651,0.082102,0.793651,0.917898,0.14881,0.815261,0.973493,0
49,14,559,125,0.817251,0.777778,0.080592,0.777778,0.919408,0.146051,0.813922,0.955592,0
49,14,558,126,0.815789,0.777778,0.080725,0.777778,0.919275,0.146269,0.812584,0.957166,0
49,14,557,127,0.814327,0.777778,0.080858,0.777778,0.919142,0.146487,0.811245,0.958746,0
48,15,557,127,0.814327,0.761905,0.079339,0.761905,0.920661,0.143713,0.809906,0.940732,0
48,15,556,128,0.812865,0.761905,0.07947,0.761905,0.92053,0.143928,0.808568,0.942289,0
48,15,555,129,0.811404,0.761905,0.079602,0.761905,0.920398,0.144144,0.807229,0.943852,0
48,15,554,130,0.809942,0.761905,0.079734,0.761905,0.920266,0.144361,0.80589,0.94542,0
48,15,553,131,0.80848,0.761905,0.079867,0.761905,0.920133,0.144578,0.804552,0.946993,0
48,15,552,132,0.807018,0.761905,0.08,0.761905,0.92,0.144796,0.803213,0.948571,0
48,15,551,133,0.805556,0.761905,0.080134,0.761905,0.919866,0.145015,0.801874,0.950155,0
48,15,550,134,0.804094,0.761905,0.080268,0.761905,0.919732,0.145234,0.800535,0.951744,0
48,15,549,135,0.802632,0.761905,0.080402,0.761905,0.919598,0.145455,0.799197,0.953338,0
48,15,548,136,0.80117,0.761905,0.080537,0.761905,0.919463,0.145675,0.797858,0.954938,0
48,15,547,137,0.799708,0.761905,0.080672,0.761905,0.919328,0.145897,0.796519,0.956543,0
48,15,546,138,0.798246,0.761905,0.080808,0.761905,0.919192,0.146119,0.795181,0.958153,0
48,15,545,139,0.796784,0.761905,0.080944,0.761905,0.919056,0.146341,0.793842,0.959769,0
48,15,544,140,0.795322,0.761905,0.081081,0.761905,0.918919,0.146565,0.792503,0.96139,0
48,15,543,141,0.79386,0.761905,0.081218,0.761905,0.918782,0.146789,0.791165,0.963017,0
48,15,542,142,0.792398,0.761905,0.081356,0.761905,0.918644,0.147014,0.789826,0.964649,0
48,15,541,143,0.790936,0.761905,0.081494,0.761905,0.918506,0.147239,0.788487,0.966287,0
48,15,540,144,0.789474,0.761905,0.081633,0.761905,0.918367,0.147465,0.787149,0.96793,0
48,15,539,145,0.788012,0.761905,0.081772,0.761905,0.918228,0.147692,0.78581,0.969579,0
48,15,538,146,0.78655,0.761905,0.081911,0.761905,0.918089,0.14792,0.784471,0.971234,0
48,15,537,147,0.785088,0.761905,0.082051,0.761905,0.917949,0.148148,0.783133,0.972894,0
48,15,536,148,0.783626,0.761905,0.082192,0.761905,0.917808,0.148377,0.781794,0.97456,0
48,15,535,149,0.782164,0.761905,0.082333,0.761905,0.917667,0.148607,0.780455,0.976231,0
48,15,534,150,0.780702,0.761905,0.082474,0.761905,0.917526,0.148837,0.779116,0.977909,0
48,15,533,151,0.77924,0.761905,0.082616,0.761905,0.917384,0.149068,0.777778,0.979592,0
48,15,532,152,0.777778,0.761905,0.082759,0.761905,0.917241,0.1493,0.776439,0.981281,0
48,15,531,153,0.776316,0.761905,0.082902,0.761905,0.917098,0.149533,0.7751,0.982976,0
48,15,530,154,0.774854,0.761905,0.083045,0.761905,0.916955,0.149766,0.773762,0.984676,0
48,15,529,155,0.773392,0.761905,0.083189,0.761905,0.916811,0.15,0.772423,0.986383,0
48,15,528,156,0.77193,0.761905,0.083333,0.761905,0.916667,0.150235,0.771084,0.988095,0
48,15,527,157,0.770468,0.761905,0.083478,0.761905,0.916522,0.15047,0.769746,0.989814,0
48,15,526,158,0.769006,0.761905,0.083624,0.761905,0.916376,0.150706,0.768407,0.991538,0
48,15,525,159,0.767544,0.761905,0.08377,0.761905,0.91623,0.150943,0.767068,0.993269,0
48,15,524,160,0.766082,0.761905,0.083916,0.761905,0.916084,0.151181,0.76573,0.995005,0
48,15,523,161,0.76462,0.761905,0.084063,0.761905,0.915937,0.15142,0.764391,0.996748,0
48,15,522,162,0.763158,0.761905,0.084211,0.761905,0.915789,0.151659,0.763052,0.998496,0
48,15,521,163,0.761696,0.761905,0.084359,0.761905,0.915641,0.151899,0.761714,1.000251,0
48,15,520,164,0.760234,0.761905,0.084507,0.761905,0.915493,0.152139,0.760375,1.002012,0
48,15,519,165,0.758772,0.761905,0.084656,0.761905,0.915344,0.152381,0.759036,1.003779,0
48,15,518,166,0.75731,0.761905,0.084806,0.761905,0.915194,0.152623,0.757697,1.005553,0
48,15,517,167,0.755848,0.761905,0.084956,0.761905,0.915044,0.152866,0.756359,1.007332,0
48,15,516,168,0.754386,0.761905,0.085106,0.761905,0.914894,0.15311,0.75502,1.009119,0
48,15,515,169,0.752924,0.761905,0.085258,0.761905,0.914742,0.153355,0.753681,1.010911,0
48,15,514,170,0.751462,0.761905,0.085409,0.761905,0.914591,0.1536,0.752343,1.01271,0
48,15,513,171,0.75,0.761905,0.085561,0.761905,0.914439,0.153846,0.751004,1.014515,0
48,15,512,172,0.748538,0.761905,0.085714,0.761905,0.914286,0.154093,0.749665,1.016327,0
48,15,511,173,0.747076,0.761905,0.085868,0.761905,0.914132,0.154341,0.748327,1.018145,0
48,15,510,174,0.745614,0.761905,0.086022,0.761905,0.913978,0.154589,0.746988,1.019969,0
48,15,509,175,0.744152,0.761905,0.086176,0.761905,0.913824,0.154839,0.745649,1.0218,0
48,15,508,176,0.74269,0.761905,0.086331,0.761905,0.913669,0.155089,0.744311,1.023638,0
48,15,507,177,0.741228,0.761905,0.086486,0.761905,0.913514,0.15534,0.742972,1.025483,0
48,15,506,178,0.739766,0.761905,0.086643,0.761905,0.913357,0.155592,0.741633,1.027334,0
48,15,505,179,0.738304,0.761905,0.086799,0.761905,0.913201,0.155844,0.740295,1.029191,0
48,15,504,180,0.736842,0.761905,0.086957,0.761905,0.913043,0.156098,0.738956,1.031056,0
48,15,503,181,0.73538,0.761905,0.087114,0.761905,0.912886,0.156352,0.737617,1.032927,0
48,15,502,182,0.733918,0.761905,0.087273,0.761905,0.912727,0.156607,0.736278,1.034805,0
48,15,501,183,0.732456,0.761905,0.087432,0.761905,0.912568,0.156863,0.73494,1.03669,0
48,15,500,184,0.730994,0.761905,0.087591,0.761905,0.912409,0.157119,0.733601,1.038582,0
48,15,499,185,0.729532,0.761905,0.087751,0.761905,0.912249,0.157377,0.732262,1.040481,0
48,15,498,186,0.72807,0.761905,0.087912,0.761905,0.912088,0.157635,0.730924,1.042386,0
48,15,497,187,0.726608,0.761905,0.088073,0.761905,0.911927,0.157895,0.729585,1.044299,0
48,15,496,188,0.725146,0.761905,0.088235,0.761905,0.911765,0.158155,0.728246,1.046218,0
48,15,495,189,0.723684,0.761905,0.088398,0.761905,0.911602,0.158416,0.726908,1.048145,0
48,15,494,190,0.722222,0.761905,0.088561,0.761905,0.911439,0.158678,0.725569,1.050079,0
48,15,493,191,0.72076,0.761905,0.088725,0.761905,0.911275,0.15894,0.72423,1.05202,0
48,15,492,192,0.719298,0.761905,0.088889,0.761905,0.911111,0.159204,0.722892,1.053968,0
48,15,491,193,0.717836,0.761905,0.089054,0.761905,0.910946,0.159468,0.721553,1.055924,0
48,15,490,194,0.716374,0.761905,0.089219,0.761905,0.910781,0.159734,0.720214,1.057886,0
48,15,489,195,0.714912,0.761905,0.089385,0.761905,0.910615,0.16,0.718876,1.059856,0
48,15,488,196,0.71345,0.761905,0.089552,0.761905,0.910448,0.160267,0.717537,1.061834,0
48,15,487,197,0.711988,0.761905,0.08972,0.761905,0.91028,0.160535,0.716198,1.063818,0
48,15,486,198,0.710526,0.761905,0.089888,0.761905,0.910112,0.160804,0.714859,1.065811,0
48,15,485,199,0.709064,0.761905,0.090056,0.761905,0.909944,0.161074,0.713521,1.06781,0
48,15,484,200,0.707602,0.761905,0.090226,0.761905,0.909774,0.161345,0.712182,1.069817,0
48,15,483,201,0.70614,0.761905,0.090395,0.761905,0.909605,0.161616,0.710843,1.071832,0
48,15,482,202,0.704678,0.761905,0.090566,0.761905,0.909434,0.161889,0.709505,1.073854,0
48,15,481,203,0.703216,0.761905,0.090737,0.761905,0.909263,0.162162,0.708166,1.075884,0
48,15,480,204,0.701754,0.761905,0.090909,0.761905,0.909091,0.162437,0.706827,1.077922,0
48,15,479,205,0.700292,0.761905,0.091082,0.761905,0.908918,0.162712,0.705489,1.079967,0
48,15,478,206,0.69883,0.761905,0.091255,0.761905,0.908745,0.162988,0.70415,1.082021,0
48,15,477,207,0.697368,0.761905,0.091429,0.761905,0.908571,0.163265,0.702811,1.084082,0
48,15,476,208,0.695906,0.761905,0.091603,0.761905,0.908397,0.163543,0.701473,1.08615,0
48,15,475,209,0.694444,0.761905,0.091778,0.761905,0.908222,0.163823,0.700134,1.088227,0
47,16,475,209,0.694444,0.746032,0.090038,0.746032,0.909962,0.160684,0.698795,1.067597,0
47,16,474,210,0.692982,0.746032,0.090211,0.746032,0.909789,0.160959,0.697456,1.069646,0
47,16,473,211,0.69152,0.746032,0.090385,0.746032,0.909615,0.161235,0.696118,1.071703,0
46,17,473,211,0.69152,0.730159,0.088632,0.730159,0.911368,0.158076,0.694779,1.050922,0
46,17,472,212,0.690058,0.730159,0.088803,0.730159,0.911197,0.158348,0.69344,1.052951,0
46,17,471,213,0.688596,0.730159,0.088975,0.730159,0.911025,0.158621,0.692102,1.054988,0
46,17,470,214,0.687135,0.730159,0.089147,0.730159,0.910853,0.158895,0.690763,1.057032,0
46,17,469,215,0.685673,0.730159,0.08932,0.730159,0.91068,0.15917,0.689424,1.059085,0
46,17,468,216,0.684211,0.730159,0.089494,0.730159,0.910506,0.159445,0.688086,1.061145,0
46,17,467,217,0.682749,0.730159,0.089669,0.730159,0.910331,0.159722,0.686747,1.063214,0
46,17,466,218,0.681287,0.730159,0.089844,0.730159,0.910156,0.16,0.685408,1.06529,0
46,17,465,219,0.679825,0.730159,0.09002,0.730159,0.90998,0.160279,0.68407,1.067375,0
46,17,464,220,0.678363,0.730159,0.090196,0.730159,0.909804,0.160558,0.682731,1.069468,0
46,17,463,221,0.676901,0.730159,0.090373,0.730159,0.909627,0.160839,0.681392,1.071569,0
46,17,462,222,0.675439,0.730159,0.090551,0.730159,0.909449,0.161121,0.680054,1.073678,0
46,17,461,223,0.673977,0.730159,0.09073,0.730159,0.90927,0.161404,0.678715,1.075796,0
45,18,461,223,0.673977,0.714286,0.088933,0.714286,0.911067,0.158172,0.677376,1.054489,0
45,18,460,224,0.672515,0.714286,0.089109,0.714286,0.910891,0.158451,0.676037,1.056577,0
45,18,459,225,0.671053,0.714286,0.089286,0.714286,0.910714,0.15873,0.674699,1.058673,0
45,18,458,226,0.669591,0.714286,0.089463,0.714286,0.910537,0.159011,0.67336,1.060778,0
45,18,457,227,0.668129,0.714286,0.089641,0.714286,0.910359,0.159292,0.672021,1.062891,0
45,18,456,228,0.666667,0.714286,0.08982,0.714286,0.91018,0.159574,0.670683,1.065013,0
45,18,455,229,0.665205,0.714286,0.09,0.714286,0.91,0.159858,0.669344,1.067143,0
45,18,454,230,0.663743,0.714286,0.09018,0.714286,0.90982,0.160142,0.668005,1.069281,0
45,18,453,231,0.662281,0.714286,0.090361,0.714286,0.909639,0.160428,0.666667,1.071429,0
45,18,452,232,0.660819,0.714286,0.090543,0.714286,0.909457,0.160714,0.665328,1.073584,0
45,18,451,233,0.659357,0.714286,0.090726,0.714286,0.909274,0.161002,0.663989,1.075749,0.000001
45,18,450,234,0.657895,0.714286,0.090909,0.714286,0.909091,0.16129,0.662651,1.077922,0.000001
45,18,449,235,0.656433,0.714286,0.091093,0.714286,0.908907,0.16158,0.661312,1.080104,0.000001
45,18,448,236,0.654971,0.714286,0.091278,0.714286,0.908722,0.161871,0.659973,1.082295,0.000001
45,18,447,237,0.653509,0.714286,0.091463,0.714286,0.908537,0.162162,0.658635,1.084495,0.000001
45,18,446,238,0.652047,0.714286,0.09165,0.714286,0.90835,0.162455,0.657296,1.086704,0.000001
45,18,445,239,0.650585,0.714286,0.091837,0.714286,0.908163,0.162749,0.655957,1.088921,0.000001
45,18,444,240,0.649123,0.714286,0.092025,0.714286,0.907975,0.163043,0.654618,1.091148,0.000001
45,18,443,241,0.647661,0.714286,0.092213,0.714286,0.907787,0.163339,0.65328,1.093384,0.000001
45,18,442,242,0.646199,0.714286,0.092402,0.714286,0.907598,0.163636,0.651941,1.095629,0.000001
45,18,441,243,0.644737,0.714286,0.092593,0.714286,0.907407,0.163934,0.650602,1.097884,0.000001
45,18,440,244,0.643275,0.714286,0.092784,0.714286,0.907216,0.164234,0.649264,1.100147,0.000001
45,18,439,245,0.641813,0.714286,0.092975,0.714286,0.907025,0.164534,0.647925,1.10242,0.000001
45,18,438,246,0.640351,0.714286,0.093168,0.714286,0.906832,0.164835,0.646586,1.104703,0.000001
45,18,437,247,0.638889,0.714286,0.093361,0.714286,0.906639,0.165138,0.645248,1.106995,0.000001
45,18,436,248,0.637427,0.714286,0.093555,0.714286,0.906445,0.165441,0.643909,1.109296,0.000001
44,19,436,248,0.637427,0.698413,0.091667,0.698413,0.908333,0.162063,0.64257,1.086905,0.000001
44,19,435,249,0.635965,0.698413,0.091858,0.698413,0.908142,0.162362,0.641232,1.089174,0.000001
44,19,434,250,0.634503,0.698413,0.09205,0.698413,0.90795,0.162662,0.639893,1.091452,0.000001
44,19,433,251,0.633041,0.698413,0.092243,0.698413,0.907757,0.162963,0.638554,1.093741,0.000001
44,19,432,252,0.631579,0.698413,0.092437,0.698413,0.907563,0.163265,0.637216,1.096038,0.000001
44,19,431,253,0.630117,0.698413,0.092632,0.698413,0.907368,0.163569,0.635877,1.098346,0.000001
44,19,430,254,0.628655,0.698413,0.092827,0.698413,0.907173,0.163873,0.634538,1.100663,0.000001
44,19,429,255,0.627193,0.698413,0.093023,0.698413,0.906977,0.164179,0.633199,1.10299,0.000001
43,20,429,255,0.627193,0.68254,0.091102,0.68254,0.908898,0.160748,0.631861,1.080206,0.000001
42,21,429,255,0.627193,0.666667,0.089172,0.666667,0.910828,0.157303,0.630522,1.057325,0.000001
42,21,428,256,0.625731,0.666667,0.089362,0.666667,0.910638,0.157598,0.629183,1.059574,0.000001
42,21,427,257,0.624269,0.666667,0.089552,0.666667,0.910448,0.157895,0.627845,1.061834,0.000001
41,22,427,257,0.624269,0.650794,0.087607,0.650794,0.912393,0.154426,0.626506,1.038767,0.000001
41,22,426,258,0.622807,0.650794,0.087794,0.650794,0.912206,0.154717,0.625167,1.040991,0.000001
41,22,425,259,0.621345,0.650794,0.087983,0.650794,0.912017,0.155009,0.623829,1.043225,0.000001
41,22,424,260,0.619883,0.650794,0.088172,0.650794,0.911828,0.155303,0.62249,1.045469,0.000001
41,22,423,261,0.618421,0.650794,0.088362,0.650794,0.911638,0.155598,0.621151,1.047722,0.000001
41,22,422,262,0.616959,0.650794,0.088553,0.650794,0.911447,0.155894,0.619813,1.049985,0.000001
41,22,421,263,0.615497,0.650794,0.088745,0.650794,0.911255,0.15619,0.618474,1.052257,0.000001
41,22,420,264,0.614035,0.650794,0.088937,0.650794,0.911063,0.156489,0.617135,1.05454,0.000001
41,22,419,265,0.612573,0.650794,0.08913,0.650794,0.91087,0.156788,0.615797,1.056832,0.000001
41,22,418,266,0.611111,0.650794,0.089325,0.650794,0.910675,0.157088,0.614458,1.059135,0.000001
41,22,417,267,0.609649,0.650794,0.08952,0.650794,0.91048,0.15739,0.613119,1.061447,0.000001
41,22,416,268,0.608187,0.650794,0.089716,0.650794,0.910284,0.157692,0.61178,1.06377,0.000001
41,22,415,269,0.606725,0.650794,0.089912,0.650794,0.910088,0.157996,0.610442,1.066103,0.000001
41,22,414,270,0.605263,0.650794,0.09011,0.650794,0.90989,0.158301,0.609103,1.068446,0.000001
41,22,413,271,0.603801,0.650794,0.090308,0.650794,0.909692,0.158607,0.607764,1.070799,0.000002
40,23,413,271,0.603801,0.634921,0.0883,0.634921,0.9117,0.155039,0.606426,1.046988,0.000002
40,23,412,272,0.602339,0.634921,0.088496,0.634921,0.911504,0.15534,0.605087,1.049305,0.000002
40,23,411,273,0.600877,0.634921,0.088692,0.634921,0.911308,0.155642,0.603748,1.051631,0.000002
40,23,410,274,0.599415,0.634921,0.088889,0.634921,0.911111,0.155945,0.60241,1.053968,0.000002
39,24,410,274,0.599415,0.619048,0.08686,0.619048,0.91314,0.152344,0.601071,1.029908,0.000002
39,24,409,275,0.597953,0.619048,0.087054,0.619048,0.912946,0.152642,0.599732,1.032207,0.000002
39,24,408,276,0.596491,0.619048,0.087248,0.619048,0.912752,0.152941,0.598394,1.034516,0.000002
38,25,408,276,0.596491,0.603175,0.085202,0.603175,0.914798,0.149312,0.597055,1.01025,0.000002
38,25,407,277,0.595029,0.603175,0.085393,0.603175,0.914607,0.149606,0.595716,1.01252,0.000002
38,25,406,278,0.593567,0.603175,0.085586,0.603175,0.914414,0.149901,0.594378,1.014801,0.000002
38,25,405,279,0.592105,0.603175,0.085779,0.603175,0.914221,0.150198,0.593039,1.017091,0.000002
38,25,404,280,0.590643,0.603175,0.085973,0.603175,0.914027,0.150495,0.5917,1.019392,0.000002
38,25,403,281,0.589181,0.603175,0.086168,0.603175,0.913832,0.150794,0.590361,1.021704,0.000002
38,25,402,282,0.587719,0.603175,0.086364,0.603175,0.913636,0.151093,0.589023,1.024026,0.000002
38,25,401,283,0.586257,0.603175,0.08656,0.603175,0.91344,0.151394,0.587684,1.026359,0.000002
38,25,400,284,0.584795,0.603175,0.086758,0.603175,0.913242,0.151697,0.586345,1.028702,0.000002
38,25,399,285,0.583333,0.603175,0.086957,0.603175,0.913043,0.152,0.585007,1.031056,0.000002
38,25,398,286,0.581871,0.603175,0.087156,0.603175,0.912844,0.152305,0.583668,1.033421,0.000002
38,25,397,287,0.580409,0.603175,0.087356,0.603175,0.912644,0.15261,0.582329,1.035796,0.000002
38,25,396,288,0.578947,0.603175,0.087558,0.603175,0.912442,0.152918,0.580991,1.038183,0.000002
38,25,395,289,0.577485,0.603175,0.08776,0.603175,0.91224,0.153226,0.579652,1.040581,0.000003
37,26,395,289,0.577485,0.587302,0.085648,0.587302,0.914352,0.149495,0.578313,1.015542,0.000003
37,26,394,290,0.576023,0.587302,0.085847,0.587302,0.914153,0.149798,0.576975,1.017899,0.000003
37,26,393,291,0.574561,0.587302,0.086047,0.587302,0.913953,0.150101,0.575636,1.020266,0.000003
36,27,393,291,0.574561,0.571429,0.083916,0.571429,0.916084,0.146341,0.574297,0.995005,0.000003
36,27,392,292,0.573099,0.571429,0.084112,0.571429,0.915888,0.14664,0.572959,0.99733,0.000003
36,27,391,293,0.571637,0.571429,0.084309,0.571429,0.915691,0.146939,0.57162,0.999665,0.000003
36,27,390,294,0.570175,0.571429,0.084507,0.571429,0.915493,0.147239,0.570281,1.002012,0.000004
36,27,389,295,0.568713,0.571429,0.084706,0.571429,0.915294,0.147541,0.568942,1.00437,0.000004
36,27,388,296,0.567251,0.571429,0.084906,0.571429,0.915094,0.147844,0.567604,1.006739,0.000004
36,27,387,297,0.565789,0.571429,0.085106,0.571429,0.914894,0.148148,0.566265,1.009119,0.000004
36,27,386,298,0.564327,0.571429,0.085308,0.571429,0.914692,0.148454,0.564926,1.01151,0.000004
36,27,385,299,0.562865,0.571429,0.085511,0.571429,0.914489,0.14876,0.563588,1.013912,0.000004
36,27,384,300,0.561404,0.571429,0.085714,0.571429,0.914286,0.149068,0.562249,1.016327,0.000004
36,27,383,301,0.559942,0.571429,0.085919,0.571429,0.914081,0.149378,0.56091,1.018752,0.000004
36,27,382,302,0.55848,0.571429,0.086124,0.571429,0.913876,0.149688,0.559572,1.021189,0.000004
35,28,382,302,0.55848,0.555556,0.083933,0.555556,0.916067,0.145833,0.558233,0.995204,0.000004
35,28,381,303,0.557018,0.555556,0.084135,0.555556,0.915865,0.146138,0.556894,0.997596,0.000005
35,28,380,304,0.555556,0.555556,0.084337,0.555556,0.915663,0.146444,0.555556,1,0.000005
35,28,379,305,0.554094,0.555556,0.084541,0.555556,0.915459,0.146751,0.554217,1.002415,0.000005
34,29,379,305,0.554094,0.539683,0.082324,0.539683,0.917676,0.142857,0.552878,0.976133,0.000005
34,29,378,306,0.552632,0.539683,0.082524,0.539683,0.917476,0.143158,0.551539,0.978502,0.000005
34,29,377,307,0.55117,0.539683,0.082725,0.539683,0.917275,0.14346,0.550201,0.980883,0.000005
34,29,376,308,0.549708,0.539683,0.082927,0.539683,0.917073,0.143763,0.548862,0.983275,0.000006
34,29,375,309,0.548246,0.539683,0.08313,0.539683,0.91687,0.144068,0.547523,0.985679,0.000006
34,29,374,310,0.546784,0.539683,0.083333,0.539683,0.916667,0.144374,0.546185,0.988095,0.000006
34,29,373,311,0.545322,0.539683,0.083538,0.539683,0.916462,0.144681,0.544846,0.990523,0.000006
34,29,372,312,0.54386,0.539683,0.083744,0.539683,0.916256,0.144989,0.543507,0.992963,0.000007
34,29,371,313,0.542398,0.539683,0.083951,0.539683,0.916049,0.145299,0.542169,0.995414,0.000007
34,29,370,314,0.540936,0.539683,0.084158,0.539683,0.915842,0.14561,0.54083,0.997878,0.000007
34,29,369,315,0.539474,0.539683,0.084367,0.539683,0.915633,0.145923,0.539491,1.000354,0.000007
33,30,369,315,0.539474,0.52381,0.08209,0.52381,0.91791,0.141935,0.538153,0.973348,0.000008
33,30,368,316,0.538012,0.52381,0.082294,0.52381,0.917706,0.142241,0.536814,0.975775,0.000008
33,30,367,317,0.53655,0.52381,0.0825,0.52381,0.9175,0.142549,0.535475,0.978214,0.000008
33,30,366,318,0.535088,0.52381,0.082707,0.52381,0.917293,0.142857,0.534137,0.980666,0.000008
33,30,365,319,0.533626,0.52381,0.082915,0.52381,0.917085,0.143167,0.532798,0.98313,0.000008
33,30,364,320,0.532164,0.52381,0.083123,0.52381,0.916877,0.143478,0.531459,0.985606,0.000008
33,30,363,321,0.530702,0.52381,0.083333,0.52381,0.916667,0.143791,0.53012,0.988095,0.000008
33,30,362,322,0.52924,0.52381,0.083544,0.52381,0.916456,0.144105,0.528782,0.990597,0.000008
33,30,361,323,0.527778,0.52381,0.083756,0.52381,0.916244,0.14442,0.527443,0.993111,0.000008
33,30,360,324,0.526316,0.52381,0.083969,0.52381,0.916031,0.144737,0.526104,0.995638,0.000008
33,30,359,325,0.524854,0.52381,0.084184,0.52381,0.915816,0.145055,0.524766,0.998178,0.000009
33,30,358,326,0.523392,0.52381,0.084399,0.52381,0.915601,0.145374,0.523427,1.000731,0.000009
33,30,357,327,0.52193,0.52381,0.084615,0.52381,0.915385,0.145695,0.522088,1.003297,0.00001
33,30,356,328,0.520468,0.52381,0.084833,0.52381,0.915167,0.146018,0.52075,1.005876,0.00001
33,30,355,329,0.519006,0.52381,0.085052,0.52381,0.914948,0.146341,0.519411,1.008468,0.00001
33,30,354,330,0.517544,0.52381,0.085271,0.52381,0.914729,0.146667,0.518072,1.011074,0.00001
33,30,353,331,0.516082,0.52381,0.085492,0.52381,0.914508,0.146993,0.516734,1.013694,0.00001
33,30,352,332,0.51462,0.52381,0.085714,0.52381,0.914286,0.147321,0.515395,1.016327,0.000011
33,30,351,333,0.513158,0.52381,0.085938,0.52381,0.914063,0.147651,0.514056,1.018973,0.000011
33,30,350,334,0.511696,0.52381,0.086162,0.52381,0.913838,0.147982,0.512718,1.021634,0.000012
33,30,349,335,0.510234,0.52381,0.086387,0.52381,0.913613,0.148315,0.511379,1.024308,0.000013
33,30,348,336,0.508772,0.52381,0.086614,0.52381,0.913386,0.148649,0.51004,1.026997,0.000013
33,30,347,337,0.50731,0.52381,0.086842,0.52381,0.913158,0.148984,0.508701,1.029699,0.000013
33,30,346,338,0.505848,0.52381,0.087071,0.52381,0.912929,0.149321,0.507363,1.032416,0.000014
33,30,345,339,0.504386,0.52381,0.087302,0.52381,0.912698,0.14966,0.506024,1.035147,0.000014
33,30,344,340,0.502924,0.52381,0.087533,0.52381,0.912467,0.15,0.504685,1.037893,0.000014
33,30,343,341,0.501462,0.52381,0.087766,0.52381,0.912234,0.150342,0.503347,1.040653,0.000014
33,30,342,342,0.5,0.52381,0.088,0.52381,0.912,0.150685,0.502008,1.043429,0.000014
33,30,341,343,0.498538,0.52381,0.088235,0.52381,0.911765,0.15103,0.500669,1.046218,0.000014
33,30,340,344,0.497076,0.52381,0.088472,0.52381,0.911528,0.151376,0.499331,1.049023,0.000015
33,30,339,345,0.495614,0.52381,0.08871,0.52381,0.91129,0.151724,0.497992,1.051843,0.000016
33,30,338,346,0.494152,0.52381,0.088949,0.52381,0.911051,0.152074,0.496653,1.054678,0.000017
33,30,337,347,0.49269,0.52381,0.089189,0.52381,0.910811,0.152425,0.495315,1.057529,0.000018
32,31,337,347,0.49269,0.507937,0.086721,0.507937,0.913279,0.148148,0.493976,1.028262,0.000019
32,31,336,348,0.491228,0.507937,0.086957,0.507937,0.913043,0.148492,0.492637,1.031056,0.000019
32,31,335,349,0.489766,0.507937,0.087193,0.507937,0.912807,0.148837,0.491299,1.033865,0.000022
32,31,334,350,0.488304,0.507937,0.087432,0.507937,0.912568,0.149184,0.48996,1.03669,0.000022
32,31,333,351,0.486842,0.507937,0.087671,0.507937,0.912329,0.149533,0.488621,1.03953,0.000023
32,31,332,352,0.48538,0.507937,0.087912,0.507937,0.912088,0.149883,0.487282,1.042386,0.000023
32,31,331,353,0.483918,0.507937,0.088154,0.507937,0.911846,0.150235,0.485944,1.045258,0.000024
32,31,330,354,0.482456,0.507937,0.088398,0.507937,0.911602,0.150588,0.484605,1.048145,0.000024
32,31,329,355,0.480994,0.507937,0.088643,0.507937,0.911357,0.150943,0.483266,1.051049,0.000024
32,31,328,356,0.479532,0.507937,0.088889,0.507937,0.911111,0.1513,0.481928,1.053968,0.000024
32,31,327,357,0.47807,0.507937,0.089136,0.507937,0.910864,0.151659,0.480589,1.056904,0.000026
32,31,326,358,0.476608,0.507937,0.089385,0.507937,0.910615,0.152019,0.47925,1.059856,0.000026
32,31,325,359,0.475146,0.507937,0.089636,0.507937,0.910364,0.152381,0.477912,1.062825,0.000026
32,31,324,360,0.473684,0.507937,0.089888,0.507937,0.910112,0.152745,0.476573,1.065811,0.000026
32,31,323,361,0.472222,0.507937,0.090141,0.507937,0.909859,0.15311,0.475234,1.068813,0.000027
32,31,322,362,0.47076,0.507937,0.090395,0.507937,0.909605,0.153477,0.473896,1.071832,0.000027
32,31,321,363,0.469298,0.507937,0.090652,0.507937,0.909348,0.153846,0.472557,1.074868,0.000028
32,31,320,364,0.467836,0.507937,0.090909,0.507937,0.909091,0.154217,0.471218,1.077922,0.000029
32,31,319,365,0.466374,0.507937,0.091168,0.507937,0.908832,0.154589,0.46988,1.080993,0.000029
32,31,318,366,0.464912,0.507937,0.091429,0.507937,0.908571,0.154964,0.468541,1.084082,0.000029
32,31,317,367,0.46345,0.507937,0.091691,0.507937,0.908309,0.15534,0.467202,1.087188,0.00003
32,31,316,368,0.461988,0.507937,0.091954,0.507937,0.908046,0.155718,0.465863,1.090312,0.000031
32,31,315,369,0.460526,0.507937,0.092219,0.507937,0.907781,0.156098,0.464525,1.093454,0.000032
32,31,314,370,0.459064,0.507937,0.092486,0.507937,0.907514,0.156479,0.463186,1.096614,0.000032
32,31,313,371,0.457602,0.507937,0.092754,0.507937,0.907246,0.156863,0.461847,1.099793,0.000032
32,31,312,372,0.45614,0.507937,0.093023,0.507937,0.906977,0.157248,0.460509,1.10299,0.000035
32,31,311,373,0.454678,0.507937,0.093294,0.507937,0.906706,0.157635,0.45917,1.106206,0.000038
32,31,310,374,0.453216,0.507937,0.093567,0.507937,0.906433,0.158025,0.457831,1.10944,0.000039
32,31,309,375,0.451754,0.507937,0.093842,0.507937,0.906158,0.158416,0.456493,1.112694,0.00004
32,31,308,376,0.450292,0.507937,0.094118,0.507937,0.905882,0.158809,0.455154,1.115966,0.000046
32,31,307,377,0.44883,0.507937,0.094395,0.507937,0.905605,0.159204,0.453815,1.119258,0.000047
31,32,307,377,0.44883,0.492063,0.091716,0.492063,0.908284,0.154613,0.452477,1.087489,0.000049
31,32,306,378,0.447368,0.492063,0.091988,0.492063,0.908012,0.155,0.451138,1.090716,0.000051
31,32,305,379,0.445906,0.492063,0.092262,0.492063,0.907738,0.155388,0.449799,1.093963,0.000051
31,32,304,380,0.444444,0.492063,0.092537,0.492063,0.907463,0.155779,0.448461,1.097228,0.000053
31,32,303,381,0.442982,0.492063,0.092814,0.492063,0.907186,0.156171,0.447122,1.100513,0.000053
31,32,302,382,0.44152,0.492063,0.093093,0.492063,0.906907,0.156566,0.445783,1.103818,0.000061
31,32,301,383,0.440058,0.492063,0.093373,0.492063,0.906627,0.156962,0.444444,1.107143,0.000062
31,32,300,384,0.438596,0.492063,0.093656,0.492063,0.906344,0.15736,0.443106,1.110488,0.000063
30,33,300,384,0.438596,0.47619,0.090909,0.47619,0.909091,0.152672,0.441767,1.077922,0.000065
29,34,300,384,0.438596,0.460317,0.088146,0.460317,0.911854,0.147959,0.440428,1.045158,0.000069
29,34,299,385,0.437135,0.460317,0.088415,0.460317,0.911585,0.148338,0.43909,1.048345,0.00007
29,34,298,386,0.435673,0.460317,0.088685,0.460317,0.911315,0.148718,0.437751,1.051551,0.000071
29,34,297,387,0.434211,0.460317,0.088957,0.460317,0.911043,0.1491,0.436412,1.054777,0.000074
29,34,296,388,0.432749,0.460317,0.089231,0.460317,0.910769,0.149485,0.435074,1.058022,0.000074
29,34,295,389,0.431287,0.460317,0.089506,0.460317,0.910494,0.149871,0.433735,1.061287,0.000075
29,34,294,390,0.429825,0.460317,0.089783,0.460317,0.910217,0.150259,0.432396,1.064573,0.000077
29,34,293,391,0.428363,0.460317,0.090062,0.460317,0.909938,0.150649,0.431058,1.067879,0.000081
29,34,292,392,0.426901,0.460317,0.090343,0.460317,0.909657,0.151042,0.429719,1.071206,0.000095
29,34,291,393,0.425439,0.460317,0.090625,0.460317,0.909375,0.151436,0.42838,1.074554,0.0001
29,34,290,394,0.423977,0.460317,0.090909,0.460317,0.909091,0.151832,0.427041,1.077922,0.000103
29,34,289,395,0.422515,0.460317,0.091195,0.460317,0.908805,0.152231,0.425703,1.081312,0.000111
29,34,288,396,0.421053,0.460317,0.091483,0.460317,0.908517,0.152632,0.424364,1.084723,0.000115
29,34,287,397,0.419591,0.460317,0.091772,0.460317,0.908228,0.153034,0.423025,1.088156,0.000121
29,34,286,398,0.418129,0.460317,0.092063,0.460317,0.907937,0.153439,0.421687,1.09161,0.000121
29,34,285,399,0.416667,0.460317,0.092357,0.460317,0.907643,0.153846,0.420348,1.095086,0.00013
29,34,284,400,0.415205,0.460317,0.092652,0.460317,0.907348,0.154255,0.419009,1.098585,0.000135
29,34,283,401,0.413743,0.460317,0.092949,0.460317,0.907051,0.154667,0.417671,1.102106,0.000143
29,34,282,402,0.412281,0.460317,0.093248,0.460317,0.906752,0.15508,0.416332,1.10565,0.000145
29,34,281,403,0.410819,0.460317,0.093548,0.460317,0.906452,0.155496,0.414993,1.109217,0.00015
29,34,280,404,0.409357,0.460317,0.093851,0.460317,0.906149,0.155914,0.413655,1.112806,0.00016
29,34,279,405,0.407895,0.460317,0.094156,0.460317,0.905844,0.156334,0.412316,1.116419,0.000161
29,34,278,406,0.406433,0.460317,0.094463,0.460317,0.905537,0.156757,0.410977,1.120056,0.000166
29,34,277,407,0.404971,0.460317,0.094771,0.460317,0.905229,0.157182,0.409639,1.123716,0.000168
29,34,276,408,0.403509,0.460317,0.095082,0.460317,0.904918,0.157609,0.4083,1.1274,0.000184
29,34,275,409,0.402047,0.460317,0.095395,0.460317,0.904605,0.158038,0.406961,1.131109,0.000188
28,35,275,409,0.402047,0.444444,0.092409,0.444444,0.907591,0.153005,0.405622,1.09571,0.00019
28,35,274,410,0.400585,0.444444,0.092715,0.444444,0.907285,0.153425,0.404284,1.099338,0.000205
28,35,273,411,0.399123,0.444444,0.093023,0.444444,0.906977,0.153846,0.402945,1.10299,0.000206
28,35,272,412,0.397661,0.444444,0.093333,0.444444,0.906667,0.15427,0.401606,1.106667,0.000214
28,35,271,413,0.396199,0.444444,0.093645,0.444444,0.906355,0.154696,0.400268,1.110368,0.000214
28,35,270,414,0.394737,0.444444,0.09396,0.444444,0.90604,0.155125,0.398929,1.114094,0.000218
27,36,270,414,0.394737,0.428571,0.090909,0.428571,0.909091,0.15,0.39759,1.077922,0.00022
27,36,269,415,0.393275,0.428571,0.091216,0.428571,0.908784,0.150418,0.396252,1.081564,0.000235
27,36,268,416,0.391813,0.428571,0.091525,0.428571,0.908475,0.150838,0.394913,1.08523,0.000236
27,36,267,417,0.390351,0.428571,0.091837,0.428571,0.908163,0.151261,0.393574,1.088921,0.000237
26,37,267,417,0.390351,0.412698,0.088737,0.412698,0.911263,0.146067,0.392236,1.05217,0.000267
26,37,266,418,0.388889,0.412698,0.089041,0.412698,0.910959,0.146479,0.390897,1.055773,0.00027
26,37,265,419,0.387427,0.412698,0.089347,0.412698,0.910653,0.146893,0.389558,1.059401,0.000283
26,37,264,420,0.385965,0.412698,0.089655,0.412698,0.910345,0.147309,0.38822,1.063054,0.000294
26,37,263,421,0.384503,0.412698,0.089965,0.412698,0.910035,0.147727,0.386881,1.066733,0.000314
26,37,262,422,0.383041,0.412698,0.090278,0.412698,0.909722,0.148148,0.385542,1.070437,0.000344
26,37,261,423,0.381579,0.412698,0.090592,0.412698,0.909408,0.148571,0.384203,1.074166,0.000348
26,37,260,424,0.380117,0.412698,0.090909,0.412698,0.909091,0.148997,0.382865,1.077922,0.000358
26,37,259,425,0.378655,0.412698,0.091228,0.412698,0.908772,0.149425,0.381526,1.081704,0.000358
26,37,258,426,0.377193,0.412698,0.091549,0.412698,0.908451,0.149856,0.380187,1.085513,0.000363
26,37,257,427,0.375731,0.412698,0.091873,0.412698,0.908127,0.150289,0.378849,1.089349,0.000363
26,37,256,428,0.374269,0.412698,0.092199,0.412698,0.907801,0.150725,0.37751,1.093212,0.000365
26,37,255,429,0.372807,0.412698,0.092527,0.412698,0.907473,0.151163,0.376171,1.097102,0.000366
26,37,254,430,0.371345,0.412698,0.092857,0.412698,0.907143,0.151603,0.374833,1.10102,0.000371
26,37,253,431,0.369883,0.412698,0.09319,0.412698,0.90681,0.152047,0.373494,1.104967,0.000393
26,37,252,432,0.368421,0.412698,0.093525,0.412698,0.906475,0.152493,0.372155,1.108941,0.000406
25,38,252,432,0.368421,0.396825,0.090253,0.396825,0.909747,0.147059,0.370817,1.070139,0.000477
25,38,251,433,0.366959,0.396825,0.09058,0.396825,0.90942,0.147493,0.369478,1.074017,0.000486
25,38,250,434,0.365497,0.396825,0.090909,0.396825,0.909091,0.147929,0.368139,1.077922,0.000505
25,38,249,435,0.364035,0.396825,0.091241,0.396825,0.908759,0.148368,0.366801,1.081856,0.000509
25,38,248,436,0.362573,0.396825,0.091575,0.396825,0.908425,0.14881,0.365462,1.085819,0.000512
25,38,247,437,0.361111,0.396825,0.091912,0.396825,0.908088,0.149254,0.364123,1.089811,0.000518
25,38,246,438,0.359649,0.396825,0.092251,0.396825,0.907749,0.149701,0.362784,1.093832,0.000524
25,38,245,439,0.358187,0.396825,0.092593,0.396825,0.907407,0.15015,0.361446,1.097884,0.00054
25,38,244,440,0.356725,0.396825,0.092937,0.396825,0.907063,0.150602,0.360107,1.101965,0.000546
25,38,243,441,0.355263,0.396825,0.093284,0.396825,0.906716,0.151057,0.358768,1.106077,0.000549
25,38,242,442,0.353801,0.396825,0.093633,0.396825,0.906367,0.151515,0.35743,1.110219,0.00056
25,38,241,443,0.352339,0.396825,0.093985,0.396825,0.906015,0.151976,0.356091,1.114393,0.000625
25,38,240,444,0.350877,0.396825,0.09434,0.396825,0.90566,0.152439,0.354752,1.118598,0.000674
25,38,239,445,0.349415,0.396825,0.094697,0.396825,0.905303,0.152905,0.353414,1.122835,0.000678
25,38,238,446,0.347953,0.396825,0.095057,0.396825,0.904943,0.153374,0.352075,1.127105,0.000683
25,38,237,447,0.346491,0.396825,0.09542,0.396825,0.90458,0.153846,0.350736,1.131407,0.000698
25,38,236,448,0.345029,0.396825,0.095785,0.396825,0.904215,0.154321,0.349398,1.135742,0.000738
25,38,235,449,0.343567,0.396825,0.096154,0.396825,0.903846,0.154799,0.348059,1.14011,0.00077
25,38,234,450,0.342105,0.396825,0.096525,0.396825,0.903475,0.15528,0.34672,1.144512,0.000773
25,38,233,451,0.340643,0.396825,0.096899,0.396825,0.903101,0.155763,0.345382,1.148948,0.000852
25,38,232,452,0.339181,0.396825,0.097276,0.396825,0.902724,0.15625,0.344043,1.153419,0.00086
25,38,231,453,0.337719,0.396825,0.097656,0.396825,0.902344,0.15674,0.342704,1.157924,0.000918
25,38,230,454,0.336257,0.396825,0.098039,0.396825,0.901961,0.157233,0.341365,1.162465,0.000943
25,38,229,455,0.334795,0.396825,0.098425,0.396825,0.901575,0.157729,0.340027,1.167042,0.000951
25,38,228,456,0.333333,0.396825,0.098814,0.396825,0.901186,0.158228,0.338688,1.171654,0.00099
25,38,227,457,0.331871,0.396825,0.099206,0.396825,0.900794,0.15873,0.337349,1.176304,0.001042
25,38,226,458,0.330409,0.396825,0.099602,0.396825,0.900398,0.159236,0.336011,1.18099,0.001068
25,38,225,459,0.328947,0.396825,0.1,0.396825,0.9,0.159744,0.334672,1.185714,0.001079
25,38,224,460,0.327485,0.396825,0.100402,0.396825,0.899598,0.160256,0.333333,1.190476,0.001089
25,38,223,461,0.326023,0.396825,0.100806,0.396825,0.899194,0.160772,0.331995,1.195276,0.001106
25,38,222,462,0.324561,0.396825,0.101215,0.396825,0.898785,0.16129,0.330656,1.200116,0.00111
24,39,222,462,0.324561,0.380952,0.097561,0.380952,0.902439,0.15534,0.329317,1.156794,0.001117
24,39,221,463,0.323099,0.380952,0.097959,0.380952,0.902041,0.155844,0.327979,1.161516,0.001168
24,39,220,464,0.321637,0.380952,0.098361,0.380952,0.901639,0.156352,0.32664,1.166276,0.001209
24,39,219,465,0.320175,0.380952,0.098765,0.380952,0.901235,0.156863,0.325301,1.171076,0.001216
24,39,218,466,0.318713,0.380952,0.099174,0.380952,0.900826,0.157377,0.323963,1.175915,0.001263
24,39,217,467,0.317251,0.380952,0.099585,0.380952,0.900415,0.157895,0.322624,1.180794,0.001326
24,39,216,468,0.315789,0.380952,0.1,0.380952,0.9,0.158416,0.321285,1.185714,0.001341
23,40,216,468,0.315789,0.365079,0.096234,0.365079,0.903766,0.152318,0.319946,1.141064,0.001344
23,40,215,469,0.314327,0.365079,0.096639,0.365079,0.903361,0.152824,0.318608,1.145858,0.001369
22,41,215,469,0.314327,0.349206,0.092827,0.349206,0.907173,0.146667,0.317269,1.100663,0.001371
22,41,214,470,0.312865,0.349206,0.09322,0.349206,0.90678,0.147157,0.31593,1.105327,0.001389
22,41,213,471,0.311404,0.349206,0.093617,0.349206,0.906383,0.147651,0.314592,1.11003,0.001418
22,41,212,472,0.309942,0.349206,0.094017,0.349206,0.905983,0.148148,0.313253,1.114774,0.001512
22,41,211,473,0.30848,0.349206,0.094421,0.349206,0.905579,0.148649,0.311914,1.119559,0.001537
22,41,210,474,0.307018,0.349206,0.094828,0.349206,0.905172,0.149153,0.310576,1.124384,0.001595
21,42,210,474,0.307018,0.333333,0.090909,0.333333,0.909091,0.142857,0.309237,1.077922,0.001625
21,42,209,475,0.305556,0.333333,0.091304,0.333333,0.908696,0.143345,0.307898,1.082609,0.001734
21,42,208,476,0.304094,0.333333,0.091703,0.333333,0.908297,0.143836,0.30656,1.087336,0.001889
21,42,207,477,0.302632,0.333333,0.092105,0.333333,0.907895,0.14433,0.305221,1.092105,0.001919
21,42,206,478,0.30117,0.333333,0.092511,0.333333,0.907489,0.144828,0.303882,1.096916,0.001965
21,42,205,479,0.299708,0.333333,0.09292,0.333333,0.90708,0.145329,0.302544,1.10177,0.001965
21,42,204,480,0.298246,0.333333,0.093333,0.333333,0.906667,0.145833,0.301205,1.106667,0.001993
21,42,203,481,0.296784,0.333333,0.09375,0.333333,0.90625,0.146341,0.299866,1.111607,0.002008
21,42,202,482,0.295322,0.333333,0.09417,0.333333,0.90583,0.146853,0.298527,1.116592,0.002012
21,42,201,483,0.29386,0.333333,0.094595,0.333333,0.905405,0.147368,0.297189,1.121622,0.002123
21,42,200,484,0.292398,0.333333,0.095023,0.333333,0.904977,0.147887,0.29585,1.126697,0.002127
21,42,199,485,0.290936,0.333333,0.095455,0.333333,0.904545,0.14841,0.294511,1.131818,0.002248
21,42,198,486,0.289474,0.333333,0.09589,0.333333,0.90411,0.148936,0.293173,1.136986,0.002513
21,42,197,487,0.288012,0.333333,0.09633,0.333333,0.90367,0.149466,0.291834,1.142202,0.002522
21,42,196,488,0.28655,0.333333,0.096774,0.333333,0.903226,0.15,0.290495,1.147465,0.002623
21,42,195,489,0.285088,0.333333,0.097222,0.333333,0.902778,0.150538,0.289157,1.152778,0.002695
21,42,194,490,0.283626,0.333333,0.097674,0.333333,0.902326,0.151079,0.287818,1.15814,0.002721
21,42,193,491,0.282164,0.333333,0.098131,0.333333,0.901869,0.151625,0.286479,1.163551,0.002752
20,43,193,491,0.282164,0.31746,0.093897,0.31746,0.906103,0.144928,0.285141,1.113347,0.002923
20,43,192,492,0.280702,0.31746,0.09434,0.31746,0.90566,0.145455,0.283802,1.118598,0.003328
20,43,191,493,0.27924,0.31746,0.094787,0.31746,0.905213,0.145985,0.282463,1.1239,0.003333
20,43,190,494,0.277778,0.31746,0.095238,0.31746,0.904762,0.14652,0.281124,1.129252,0.00347
20,43,189,495,0.276316,0.31746,0.095694,0.31746,0.904306,0.147059,0.279786,1.134655,0.003486
20,43,188,496,0.274854,0.31746,0.096154,0.31746,0.903846,0.147601,0.278447,1.14011,0.00351
20,43,187,497,0.273392,0.31746,0.096618,0.31746,0.903382,0.148148,0.277108,1.145618,0.003555
20,43,186,498,0.27193,0.31746,0.097087,0.31746,0.902913,0.148699,0.27577,1.151179,0.003598
20,43,185,499,0.270468,0.31746,0.097561,0.31746,0.902439,0.149254,0.274431,1.156794,0.00365
19,44,185,499,0.270468,0.301587,0.093137,0.301587,0.906863,0.142322,0.273092,1.104342,0.003806
19,44,184,500,0.269006,0.301587,0.093596,0.301587,0.906404,0.142857,0.271754,1.109782,0.003843
18,45,184,500,0.269006,0.285714,0.089109,0.285714,0.910891,0.135849,0.270415,1.056577,0.003907
18,45,183,501,0.267544,0.285714,0.089552,0.285714,0.910448,0.136364,0.269076,1.061834,0.004039
18,45,182,502,0.266082,0.285714,0.09,0.285714,0.91,0.136882,0.267738,1.067143,0.00419
18,45,181,503,0.26462,0.285714,0.090452,0.285714,0.909548,0.137405,0.266399,1.072505,0.004227
18,45,180,504,0.263158,0.285714,0.090909,0.285714,0.909091,0.137931,0.26506,1.077922,0.004375
18,45,179,505,0.261696,0.285714,0.091371,0.285714,0.908629,0.138462,0.263722,1.083394,0.004382
18,45,178,506,0.260234,0.285714,0.091837,0.285714,0.908163,0.138996,0.262383,1.088921,0.00458
18,45,177,507,0.258772,0.285714,0.092308,0.285714,0.907692,0.139535,0.261044,1.094505,0.004835
18,45,176,508,0.25731,0.285714,0.092784,0.285714,0.907216,0.140078,0.259705,1.100147,0.004892
18,45,175,509,0.255848,0.285714,0.093264,0.285714,0.906736,0.140625,0.258367,1.105848,0.004949
18,45,174,510,0.254386,0.285714,0.09375,0.285714,0.90625,0.141176,0.257028,1.111607,0.004954
18,45,173,511,0.252924,0.285714,0.094241,0.285714,0.905759,0.141732,0.255689,1.117427,0.005878
18,45,172,512,0.251462,0.285714,0.094737,0.285714,0.905263,0.142292,0.254351,1.123308,0.005896
18,45,171,513,0.25,0.285714,0.095238,0.285714,0.904762,0.142857,0.253012,1.129252,0.006175
18,45,170,514,0.248538,0.285714,0.095745,0.285714,0.904255,0.143426,0.251673,1.135258,0.006311
18,45,169,515,0.247076,0.285714,0.096257,0.285714,0.903743,0.144,0.250335,1.141329,0.006809
18,45,168,516,0.245614,0.285714,0.096774,0.285714,0.903226,0.144578,0.248996,1.147465,0.00696
18,45,167,517,0.244152,0.285714,0.097297,0.285714,0.902703,0.145161,0.247657,1.153668,0.00703
18,45,166,518,0.24269,0.285714,0.097826,0.285714,0.902174,0.145749,0.246319,1.159938,0.007058
18,45,165,519,0.241228,0.285714,0.098361,0.285714,0.901639,0.146341,0.24498,1.166276,0.007287
18,45,164,520,0.239766,0.285714,0.098901,0.285714,0.901099,0.146939,0.243641,1.172684,0.008386
18,45,163,521,0.238304,0.285714,0.099448,0.285714,0.900552,0.147541,0.242303,1.179163,0.008486
18,45,162,522,0.236842,0.285714,0.1,0.285714,0.9,0.148148,0.240964,1.185714,0.008584
18,45,161,523,0.23538,0.285714,0.100559,0.285714,0.899441,0.14876,0.239625,1.192338,0.008688
18,45,160,524,0.233918,0.285714,0.101124,0.285714,0.898876,0.149378,0.238286,1.199037,0.009248
18,45,159,525,0.232456,0.285714,0.101695,0.285714,0.898305,0.15,0.236948,1.205811,0.009356
18,45,158,526,0.230994,0.285714,0.102273,0.285714,0.897727,0.150628,0.235609,1.212662,0.009643
18,45,157,527,0.229532,0.285714,0.102857,0.285714,0.897143,0.151261,0.23427,1.219592,0.009894
18,45,156,528,0.22807,0.285714,0.103448,0.285714,0.896552,0.151899,0.232932,1.226601,0.010035
18,45,155,529,0.226608,0.285714,0.104046,0.285714,0.895954,0.152542,0.231593,1.233691,0.010273
18,45,154,530,0.225146,0.285714,0.104651,0.285714,0.895349,0.153191,0.230254,1.240864,0.01037
18,45,153,531,0.223684,0.285714,0.105263,0.285714,0.894737,0.153846,0.228916,1.24812,0.011129
18,45,152,532,0.222222,0.285714,0.105882,0.285714,0.894118,0.154506,0.227577,1.255462,0.011244
18,45,151,533,0.22076,0.285714,0.106509,0.285714,0.893491,0.155172,0.226238,1.262891,0.011968
18,45,150,534,0.219298,0.285714,0.107143,0.285714,0.892857,0.155844,0.2249,1.270408,0.011983
18,45,149,535,0.217836,0.285714,0.107784,0.285714,0.892216,0.156522,0.223561,1.278015,0.012532
18,45,148,536,0.216374,0.285714,0.108434,0.285714,0.891566,0.157205,0.222222,1.285714,0.012731
18,45,147,537,0.214912,0.285714,0.109091,0.285714,0.890909,0.157895,0.220884,1.293506,0.01305
18,45,146,538,0.21345,0.285714,0.109756,0.285714,0.890244,0.15859,0.219545,1.301394,0.01316
18,45,145,539,0.211988,0.285714,0.110429,0.285714,0.889571,0.159292,0.218206,1.309378,0.013537
18,45,144,540,0.210526,0.285714,0.111111,0.285714,0.888889,0.16,0.216867,1.31746,0.013774
18,45,143,541,0.209064,0.285714,0.111801,0.285714,0.888199,0.160714,0.215529,1.325643,0.014783
18,45,142,542,0.207602,0.285714,0.1125,0.285714,0.8875,0.161435,0.21419,1.333929,0.015329
18,45,141,543,0.20614,0.285714,0.113208,0.285714,0.886792,0.162162,0.212851,1.342318,0.015916
18,45,140,544,0.204678,0.285714,0.113924,0.285714,0.886076,0.162896,0.211513,1.350814,0.016522
18,45,139,545,0.203216,0.285714,0.11465,0.285714,0.88535,0.163636,0.210174,1.359418,0.016826
18,45,138,546,0.201754,0.285714,0.115385,0.285714,0.884615,0.164384,0.208835,1.368132,0.017645
18,45,137,547,0.200292,0.285714,0.116129,0.285714,0.883871,0.165138,0.207497,1.376959,0.021958
18,45,136,548,0.19883,0.285714,0.116883,0.285714,0.883117,0.165899,0.206158,1.3859,0.022091
17,46,136,548,0.19883,0.269841,0.111111,0.269841,0.888889,0.157407,0.204819,1.31746,0.022378
17,46,135,549,0.197368,0.269841,0.111842,0.269841,0.888158,0.15814,0.203481,1.326128,0.023333
17,46,134,550,0.195906,0.269841,0.112583,0.269841,0.887417,0.158879,0.202142,1.33491,0.024855
17,46,133,551,0.194444,0.269841,0.113333,0.269841,0.886667,0.159624,0.200803,1.34381,0.025199
16,47,133,551,0.194444,0.253968,0.107383,0.253968,0.892617,0.150943,0.199465,1.27325,0.030113
16,47,132,552,0.192982,0.253968,0.108108,0.253968,0.891892,0.151659,0.198126,1.281853,0.030231
16,47,131,553,0.19152,0.253968,0.108844,0.253968,0.891156,0.152381,0.196787,1.290573,0.03058
16,47,130,554,0.190058,0.253968,0.109589,0.253968,0.890411,0.15311,0.195448,1.299413,0.030748
16,47,129,555,0.188596,0.253968,0.110345,0.253968,0.889655,0.153846,0.19411,1.308374,0.031405
15,48,129,555,0.188596,0.238095,0.104167,0.238095,0.895833,0.144928,0.192771,1.235119,0.03231
15,48,128,556,0.187135,0.238095,0.104895,0.238095,0.895105,0.145631,0.191432,1.243756,0.0326
15,48,127,557,0.185673,0.238095,0.105634,0.238095,0.894366,0.146341,0.190094,1.252515,0.034631
15,48,126,558,0.184211,0.238095,0.106383,0.238095,0.893617,0.147059,0.188755,1.261398,0.0355
15,48,125,559,0.182749,0.238095,0.107143,0.238095,0.892857,0.147783,0.187416,1.270408,0.038999
15,48,124,560,0.181287,0.238095,0.107914,0.238095,0.892086,0.148515,0.186078,1.279548,0.039348
15,48,123,561,0.179825,0.238095,0.108696,0.238095,0.891304,0.149254,0.184739,1.28882,0.041134
15,48,122,562,0.178363,0.238095,0.109489,0.238095,0.890511,0.15,0.1834,1.298227,0.044659
15,48,121,563,0.176901,0.238095,0.110294,0.238095,0.889706,0.150754,0.182062,1.307773,0.047635
15,48,120,564,0.175439,0.238095,0.111111,0.238095,0.888889,0.151515,0.180723,1.31746,0.049421
15,48,119,565,0.173977,0.238095,0.11194,0.238095,0.88806,0.152284,0.179384,1.327292,0.05092
15,48,118,566,0.172515,0.238095,0.112782,0.238095,0.887218,0.153061,0.178046,1.337272,0.051771
15,48,117,567,0.171053,0.238095,0.113636,0.238095,0.886364,0.153846,0.176707,1.347403,0.061554
15,48,116,568,0.169591,0.238095,0.114504,0.238095,0.885496,0.154639,0.175368,1.357688,0.068573
15,48,115,569,0.168129,0.238095,0.115385,0.238095,0.884615,0.15544,0.174029,1.368132,0.069793
14,49,115,569,0.168129,0.222222,0.108527,0.222222,0.891473,0.145833,0.172691,1.286822,0.071829
14,49,114,570,0.166667,0.222222,0.109375,0.222222,0.890625,0.146597,0.171352,1.296875,0.081533
14,49,113,571,0.165205,0.222222,0.110236,0.222222,0.889764,0.147368,0.170013,1.307087,0.097106
14,49,112,572,0.163743,0.222222,0.111111,0.222222,0.888889,0.148148,0.168675,1.31746,0.097492
14,49,111,573,0.162281,0.222222,0.112,0.222222,0.888,0.148936,0.167336,1.328,0.098433
14,49,110,574,0.160819,0.222222,0.112903,0.222222,0.887097,0.149733,0.165997,1.33871,0.105632
14,49,109,575,0.159357,0.222222,0.113821,0.222222,0.886179,0.150538,0.164659,1.349593,0.119017
14,49,108,576,0.157895,0.222222,0.114754,0.222222,0.885246,0.151351,0.16332,1.360656,0.120236
14,49,107,577,0.156433,0.222222,0.115702,0.222222,0.884298,0.152174,0.161981,1.371901,0.124675
14,49,106,578,0.154971,0.222222,0.116667,0.222222,0.883333,0.153005,0.160643,1.383333,0.126837
13,50,106,578,0.154971,0.206349,0.109244,0.206349,0.890756,0.142857,0.159304,1.295318,0.127449
13,50,105,579,0.153509,0.206349,0.110169,0.206349,0.889831,0.143646,0.157965,1.306295,0.128409
13,50,104,580,0.152047,0.206349,0.111111,0.206349,0.888889,0.144444,0.156627,1.31746,0.12842
12,51,104,580,0.152047,0.190476,0.103448,0.190476,0.896552,0.134078,0.155288,1.226601,0.136428
12,51,103,581,0.150585,0.190476,0.104348,0.190476,0.895652,0.134831,0.153949,1.237267,0.136987
12,51,102,582,0.149123,0.190476,0.105263,0.190476,0.894737,0.135593,0.15261,1.24812,0.137082
12,51,101,583,0.147661,0.190476,0.106195,0.190476,0.893805,0.136364,0.151272,1.259166,0.138349
12,51,100,584,0.146199,0.190476,0.107143,0.190476,0.892857,0.137143,0.149933,1.270408,0.145199
12,51,99,585,0.144737,0.190476,0.108108,0.190476,0.891892,0.137931,0.148594,1.281853,0.148332
12,51,98,586,0.143275,0.190476,0.109091,0.190476,0.890909,0.138728,0.147256,1.293506,0.150533
12,51,97,587,0.141813,0.190476,0.110092,0.190476,0.889908,0.139535,0.145917,1.305374,0.152308
12,51,96,588,0.140351,0.190476,0.111111,0.190476,0.888889,0.140351,0.144578,1.31746,0.162575
12,51,95,589,0.138889,0.190476,0.11215,0.190476,0.88785,0.141176,0.14324,1.329773,0.168747
12,51,94,590,0.137427,0.190476,0.113208,0.190476,0.886792,0.142012,0.141901,1.342318,0.183785
12,51,93,591,0.135965,0.190476,0.114286,0.190476,0.885714,0.142857,0.140562,1.355102,0.186245
12,51,92,592,0.134503,0.190476,0.115385,0.190476,0.884615,0.143713,0.139224,1.368132,0.20014
12,51,91,593,0.133041,0.190476,0.116505,0.190476,0.883495,0.144578,0.137885,1.381415,0.20547
12,51,90,594,0.131579,0.190476,0.117647,0.190476,0.882353,0.145455,0.136546,1.394958,0.214453
12,51,89,595,0.130117,0.190476,0.118812,0.190476,0.881188,0.146341,0.135207,1.408769,0.221682
12,51,88,596,0.128655,0.190476,0.12,0.190476,0.88,0.147239,0.133869,1.422857,0.224133
12,51,87,597,0.127193,0.190476,0.121212,0.190476,0.878788,0.148148,0.13253,1.437229,0.239284
11,52,87,597,0.127193,0.174603,0.112245,0.174603,0.887755,0.136646,0.131191,1.330904,0.246296
11,52,86,598,0.125731,0.174603,0.113402,0.174603,0.886598,0.1375,0.129853,1.344624,0.248733
11,52,85,599,0.124269,0.174603,0.114583,0.174603,0.885417,0.138365,0.128514,1.358631,0.253184
11,52,84,600,0.122807,0.174603,0.115789,0.174603,0.884211,0.139241,0.127175,1.372932,0.259142
11,52,83,601,0.121345,0.174603,0.117021,0.174603,0.882979,0.140127,0.125837,1.387538,0.25941
11,52,82,602,0.119883,0.174603,0.11828,0.174603,0.88172,0.141026,0.124498,1.402458,0.272669
11,52,81,603,0.118421,0.174603,0.119565,0.174603,0.880435,0.141935,0.123159,1.417702,0.278194
10,53,81,603,0.118421,0.15873,0.10989,0.15873,0.89011,0.12987,0.121821,1.302983,0.282652
10,53,80,604,0.116959,0.15873,0.111111,0.15873,0.888889,0.130719,0.120482,1.31746,0.289186
10,53,79,605,0.115497,0.15873,0.11236,0.15873,0.88764,0.131579,0.119143,1.332263,0.295834
10,53,78,606,0.114035,0.15873,0.113636,0.15873,0.886364,0.13245,0.117805,1.347403,0.309023
10,53,77,607,0.112573,0.15873,0.114943,0.15873,0.885057,0.133333,0.116466,1.36289,0.343084
10,53,76,608,0.111111,0.15873,0.116279,0.15873,0.883721,0.134228,0.115127,1.378738,0.346836
10,53,75,609,0.109649,0.15873,0.117647,0.15873,0.882353,0.135135,0.113788,1.394958,0.350859
9,54,75,609,0.109649,0.142857,0.107143,0.142857,0.892857,0.122449,0.11245,1.270408,0.354896
9,54,74,610,0.108187,0.142857,0.108434,0.142857,0.891566,0.123288,0.111111,1.285714,0.355374
9,54,73,611,0.106725,0.142857,0.109756,0.142857,0.890244,0.124138,0.109772,1.301394,0.363033
9,54,72,612,0.105263,0.142857,0.111111,0.142857,0.888889,0.125,0.108434,1.31746,0.366211
9,54,71,613,0.103801,0.142857,0.1125,0.142857,0.8875,0.125874,0.107095,1.333929,0.370267
9,54,70,614,0.102339,0.142857,0.113924,0.142857,0.886076,0.126761,0.105756,1.350814,0.376447
9,54,69,615,0.100877,0.142857,0.115385,0.142857,0.884615,0.12766,0.104418,1.368132,0.417127
8,55,69,615,0.100877,0.126984,0.103896,0.126984,0.896104,0.114286,0.103079,1.231911,0.420346
8,55,68,616,0.099415,0.126984,0.105263,0.126984,0.894737,0.115108,0.10174,1.24812,0.43922
8,55,67,617,0.097953,0.126984,0.106667,0.126984,0.893333,0.115942,0.100402,1.264762,0.450513
8,55,66,618,0.096491,0.126984,0.108108,0.126984,0.891892,0.116788,0.099063,1.281853,0.451406
8,55,65,619,0.095029,0.126984,0.109589,0.126984,0.890411,0.117647,0.097724,1.299413,0.460323
8,55,64,620,0.093567,0.126984,0.111111,0.126984,0.888889,0.118519,0.096386,1.31746,0.506486
8,55,63,621,0.092105,0.126984,0.112676,0.126984,0.887324,0.119403,0.095047,1.336016,0.516342
8,55,62,622,0.090643,0.126984,0.114286,0.126984,0.885714,0.120301,0.093708,1.355102,0.531903
8,55,61,623,0.089181,0.126984,0.115942,0.126984,0.884058,0.121212,0.092369,1.374741,0.546092
8,55,60,624,0.087719,0.126984,0.117647,0.126984,0.882353,0.122137,0.091031,1.394958,0.561528
8,55,59,625,0.086257,0.126984,0.119403,0.126984,0.880597,0.123077,0.089692,1.415778,0.567862
8,55,58,626,0.084795,0.126984,0.121212,0.126984,0.878788,0.124031,0.088353,1.437229,0.572926
8,55,57,627,0.083333,0.126984,0.123077,0.126984,0.876923,0.125,0.087015,1.459341,0.579697
8,55,56,628,0.081871,0.126984,0.125,0.126984,0.875,0.125984,0.085676,1.482143,0.586214
7,56,56,628,0.081871,0.111111,0.111111,0.111111,0.888889,0.111111,0.084337,1.31746,0.591638
7,56,55,629,0.080409,0.111111,0.112903,0.111111,0.887097,0.112,0.082999,1.33871,0.595157
7,56,54,630,0.078947,0.111111,0.114754,0.111111,0.885246,0.112903,0.08166,1.360656,0.598308
7,56,53,631,0.077485,0.111111,0.116667,0.111111,0.883333,0.113821,0.080321,1.383333,0.600766
7,56,52,632,0.076023,0.111111,0.118644,0.111111,0.881356,0.114754,0.078983,1.40678,0.6286
7,56,51,633,0.074561,0.111111,0.12069,0.111111,0.87931,0.115702,0.077644,1.431034,0.634624
6,57,51,633,0.074561,0.095238,0.105263,0.095238,0.894737,0.1,0.076305,1.24812,0.643481
6,57,50,634,0.073099,0.095238,0.107143,0.095238,0.892857,0.10084,0.074967,1.270408,0.660682
6,57,49,635,0.071637,0.095238,0.109091,0.095238,0.890909,0.101695,0.073628,1.293506,0.677956
6,57,48,636,0.070175,0.095238,0.111111,0.095238,0.888889,0.102564,0.072289,1.31746,0.684532
6,57,47,637,0.068713,0.095238,0.113208,0.095238,0.886792,0.103448,0.07095,1.342318,0.688317
6,57,46,638,0.067251,0.095238,0.115385,0.095238,0.884615,0.104348,0.069612,1.368132,0.698816
6,57,45,639,0.065789,0.095238,0.117647,0.095238,0.882353,0.105263,0.068273,1.394958,0.700393
6,57,44,640,0.064327,0.095238,0.12,0.095238,0.88,0.106195,0.066934,1.422857,0.715931
6,57,43,641,0.062865,0.095238,0.122449,0.095238,0.877551,0.107143,0.065596,1.451895,0.731547
6,57,42,642,0.061404,0.095238,0.125,0.095238,0.875,0.108108,0.064257,1.482143,0.733144
6,57,41,643,0.059942,0.095238,0.12766,0.095238,0.87234,0.109091,0.062918,1.513678,0.740037
6,57,40,644,0.05848,0.095238,0.130435,0.095238,0.869565,0.110092,0.06158,1.546584,0.754877
6,57,39,645,0.057018,0.095238,0.133333,0.095238,0.866667,0.111111,0.060241,1.580952,0.757522
6,57,38,646,0.055556,0.095238,0.136364,0.095238,0.863636,0.11215,0.058902,1.616883,0.766189
6,57,37,647,0.054094,0.095238,0.139535,0.095238,0.860465,0.113208,0.057564,1.654485,0.768604
6,57,36,648,0.052632,0.095238,0.142857,0.095238,0.857143,0.114286,0.056225,1.693878,0.77305
6,57,35,649,0.05117,0.095238,0.146341,0.095238,0.853659,0.115385,0.054886,1.735192,0.773977
6,57,34,650,0.049708,0.095238,0.15,0.095238,0.85,0.116505,0.053548,1.778571,0.775434
6,57,33,651,0.048246,0.095238,0.153846,0.095238,0.846154,0.117647,0.052209,1.824176,0.779779
6,57,32,652,0.046784,0.095238,0.157895,0.095238,0.842105,0.118812,0.05087,1.87218,0.78943
6,57,31,653,0.045322,0.095238,0.162162,0.095238,0.837838,0.12,0.049531,1.92278,0.823776
6,57,30,654,0.04386,0.095238,0.166667,0.095238,0.833333,0.121212,0.048193,1.97619,0.87273
6,57,29,655,0.042398,0.095238,0.171429,0.095238,0.828571,0.122449,0.046854,2.032653,0.891806
6,57,28,656,0.040936,0.095238,0.176471,0.095238,0.823529,0.123711,0.045515,2.092437,0.92253
6,57,27,657,0.039474,0.095238,0.181818,0.095238,0.818182,0.125,0.044177,2.155844,0.923775
6,57,26,658,0.038012,0.095238,0.1875,0.095238,0.8125,0.126316,0.042838,2.223214,0.932128
6,57,25,659,0.03655,0.095238,0.193548,0.095238,0.806452,0.12766,0.041499,2.294931,0.932681
5,58,25,659,0.03655,0.079365,0.166667,0.079365,0.833333,0.107527,0.040161,1.97619,0.93506
5,58,24,660,0.035088,0.079365,0.172414,0.079365,0.827586,0.108696,0.038822,2.044335,0.93659
5,58,23,661,0.033626,0.079365,0.178571,0.079365,0.821429,0.10989,0.037483,2.117347,0.948103
5,58,22,662,0.032164,0.079365,0.185185,0.079365,0.814815,0.111111,0.036145,2.195767,0.95104
5,58,21,663,0.030702,0.079365,0.192308,0.079365,0.807692,0.11236,0.034806,2.28022,0.955057
5,58,20,664,0.02924,0.079365,0.2,0.079365,0.8,0.113636,0.033467,2.371429,0.958821
5,58,19,665,0.027778,0.079365,0.208333,0.079365,0.791667,0.114943,0.032129,2.470238,0.962335
5,58,18,666,0.026316,0.079365,0.217391,0.079365,0.782609,0.116279,0.03079,2.57764,0.973212
5,58,17,667,0.024854,0.079365,0.227273,0.079365,0.772727,0.117647,0.029451,2.694805,0.979265
4,59,17,667,0.024854,0.063492,0.190476,0.063492,0.809524,0.095238,0.028112,2.258503,0.97965
4,59,16,668,0.023392,0.063492,0.2,0.063492,0.8,0.096386,0.026774,2.371429,0.984357
4,59,15,669,0.02193,0.063492,0.210526,0.063492,0.789474,0.097561,0.025435,2.496241,0.986499
4,59,14,670,0.020468,0.063492,0.222222,0.063492,0.777778,0.098765,0.024096,2.634921,0.988653
4,59,13,671,0.019006,0.063492,0.235294,0.063492,0.764706,0.1,0.022758,2.789916,0.990811
4,59,12,672,0.017544,0.063492,0.25,0.063492,0.75,0.101266,0.021419,2.964286,0.991448
4,59,11,673,0.016082,0.063492,0.266667,0.063492,0.733333,0.102564,0.02008,3.161905,0.992465
4,59,10,674,0.01462,0.063492,0.285714,0.063492,0.714286,0.103896,0.018742,3.387755,0.993993
4,59,9,675,0.013158,0.063492,0.307692,0.063492,0.692308,0.105263,0.017403,3.648352,0.996008
3,60,9,675,0.013158,0.047619,0.25,0.047619,0.75,0.08,0.016064,2.964286,0.99721
3,60,8,676,0.011696,0.047619,0.272727,0.047619,0.727273,0.081081,0.014726,?,0.998729
3,60,7,677,0.010234,0.047619,0.3,0.047619,0.7,0.082192,0.013387,?,0.999228
3,60,6,678,0.008772,0.047619,0.333333,0.047619,0.666667,0.083333,0.012048,?,0.999441
3,60,5,679,0.00731,0.047619,0.375,0.047619,0.625,0.084507,0.01071,?,0.999501
3,60,4,680,0.005848,0.047619,0.428571,0.047619,0.571429,0.085714,0.009371,?,0.999523
2,61,4,680,0.005848,0.031746,0.333333,0.031746,0.666667,0.057971,0.008032,?,0.999879
2,61,3,681,0.004386,0.031746,0.4,0.031746,0.6,0.058824,0.006693,?,0.999915
1,62,3,681,0.004386,0.015873,0.25,0.015873,0.75,0.029851,0.005355,?,0.999934
0,63,3,681,0.004386,0,0,0,1,0,0.004016,?,0.999968
0,63,2,682,0.002924,0,0,0,1,0,0.002677,?,0.999979
0,63,1,683,0.001462,0,0,0,1,0,0.001339,?,0.999994
0,63,0,684,0,0,0,0,0,0,0,?,1.000004
